Price,Close,High,Low,Open,Volume
Date,,,,,
1/3/2023,366.0691223144531,371.4618075052157,363.1949186189587,369.48160298932663,74850700
1/4/2023,368.8951721191406,370.93304981286974,365.2808052899679,368.3376218305615,85934100
1/5/2023,364.6849060058594,367.04961089547925,364.0889260962027,366.9342637304482,76970500
1/6/2023,373.0478516,374.1725449520528,364.71369723961243,367.7897288196835,104189600
1/9/2023,372.8363952636719,378.4502111850601,372.6537818207894,375.24918087816104,73978100
1/10/2023,375.4510498046875,375.5183454272887,371.3079980261493,372.2500487360848,65358100
1/11/2023,380.1996765136719,380.2765941727516,376.22005305330094,377.0371345019458,68881100
1/12/2023,381.5838928222656,383.05462766402485,377.21976916675254,381.3051469866937,90157700
1/13/2023,383.0641784667969,383.6409434482731,378.1040465628782,378.3731996428357,63903900
1/17/2023,382.36248779296875,384.7272215523522,381.6799976439543,383.0450072774721,62677300
1/18/2023,376.3257751464844,384.6215000897915,376.1239176301297,383.55450959642553,99632300
1/19/2023,373.58612060546875,375.9315806997768,372.25956993864435,374.2782033859137,86958900
1/20/2023,380.54571533203125,380.69952130177495,373.3362255124201,374.98960301780386,91806400
1/23/2023,385.1117248535156,387.0534702139708,380.39190867323447,381.35317398077467,84178800
1/24/2023,384.6983947753906,385.61157923279035,382.23755789038205,383.4295175059516,59524900
1/25/2023,384.84259033203125,385.17903907302156,378.315590364586,380.6130286416279,84800300
1/26/2023,389.0721435546875,389.2355715689227,384.53497000924045,387.5148984088141,72287400
1/27/2023,389.9661560058594,392.35010485384606,387.8129308112218,388.0244103810875,68346200
1/30/2023,385.07330322265625,389.4374563543724,384.7753132953742,387.1976915435842,74202000
1/31/2023,390.7351379394531,390.78318947127025,385.2462918392246,385.5923626089722,86811800
2/1/2023,394.8877868652344,397.64664301137975,386.7651124067299,389.51431717670346,101459200
2/2/2023,400.6361999511719,402.1069348680651,396.8872706861001,398.79055744002517,101654500
2/3/2023,396.37774658203125,400.818787510041,395.1665429342146,395.6471755772544,94736800
2/6/2023,393.9553527832031,395.35882127051354,392.2923825560251,393.91692329199503,60295300
2/7/2023,399.1077880859375,400.3574213852453,391.78295035245776,393.0325836517656,90990700
2/8/2023,394.74359130859375,398.47330538262435,394.0514791161398,397.1275398238218,76227500
2/9/2023,391.32147216796875,398.5117468918236,390.09105380546026,398.35794092957406,78694900
2/10/2023,392.23468017578125,392.6191804080484,389.3220476465138,390.13909963927375,70769700
2/13/2023,396.8391418457031,396.97373306906144,392.4269376283513,392.88835553423695,64913500
2/14/2023,396.6565246582031,398.9731481995332,392.6864943036978,395.3107297793623,88389300
2/15/2023,397.9446105957031,398.02149891037635,393.6092948018598,394.45521294070613,61555700
2/16/2023,392.46539306640625,396.9160560713669,392.3308311796985,392.9556477537095,76431500
2/17/2023,391.4848937988281,391.72521011052794,388.39921123505167,390.3313637684741,89257800
2/21/2023,383.6313781738281,388.5050004519839,383.37184709473024,387.4476027187317,82655900
2/22/2023,383.10272216796875,385.59239604305503,381.6415799797693,384.0447434887899,83742300
2/23/2023,385.140625,386.620982031087,380.9014407760876,386.0057580520141,96242400
2/24/2023,381.0263672,381.86266335503956,378.39250949469886,380.1035606580243,108194400
2/27/2023,382.3240966796875,385.74619914411034,381.38204603041686,384.3811893735747,80444700
2/28/2023,380.9111022949219,383.8141137413626,380.80534782827993,381.84353106668715,96438600
3/1/2023,379.4498291015625,381.3243080421548,378.1425224642881,380.09388971599026,99706800
3/2/2023,382.40093994140625,383.2468580842527,377.13319562899125,377.4696443451899,85127800
3/3/2023,388.5338439941406,388.7837823723887,383.5737112700418,384.22736466723944,90120000
3/6/2023,388.802978515625,391.66755968109305,388.3608046899115,389.36049948409084,72795900
3/7/2023,382.84307861328125,388.9951993290496,382.22788414299583,388.75488303032387,108310600
3/8/2023,383.468017578125,384.22739614495305,381.22825270223365,382.9585480745283,74746600
3/9/2023,376.39306640625,385.9288317963225,375.4029642473178,384.2562101022739,111945300
3/10/2023,370.9619445800781,377.9311189281999,369.4335360708871,375.84516004328316,189253000
3/13/2023,370.4331970214844,375.2683898395796,365.9056454879313,367.0207168016272,157790000
3/14/2023,376.5564880371094,378.20986562096294,372.05774388118834,375.3741210898015,149752400
3/15/2023,374.2013854980469,374.4032430136639,368.84713029743835,370.9427111182641,172996900
3/16/2023,380.7668151855469,381.1128859764341,371.327211458966,371.8366809364042,143254200
3/17/2023,376.3146667480469,380.5700299625412,374.92515919035674,379.43141471171157,140553400
3/20/2023,379.9330749511719,380.34801891979464,376.3917839300492,377.09616685031443,93055800
3/21/2023,384.9217834472656,385.40425039458904,381.7085370875222,383.3103308863294,91524200
3/22/2023,378.3602600097656,388.376279731483,378.3216838515816,384.7481478831017,111746600
3/23/2023,379.383056640625,385.2884471202859,376.6619361027595,381.2357131512333,119351300
3/24/2023,381.8726501464844,381.9594906772583,375.745313041757,378.09975447868356,107682400
3/27/2023,382.58673095703125,384.931543316979,381.6893492666869,384.15957833002693,74010400
3/28/2023,381.7278747558594,382.5866506547417,379.88484738613244,381.89189703603546,62871700
3/29/2023,387.2762756347656,387.5175091402753,384.69988883904426,385.9060563665928,77497900
3/30/2023,389.5438537597656,390.1710549480257,387.67187951037874,389.9201626937426,69840000
3/31/2023,395.0343933105469,395.3335205317909,390.36408625848367,390.4702443243022,112062600
4/3/2023,396.53961181640625,396.9448675779732,394.11761821973766,394.5132446662317,67391100
4/4/2023,394.33966064453125,397.4756967004807,392.95978239984845,397.1861987806899,66601500
4/5/2023,393.3070983886719,394.3685316622369,391.64741075567434,393.60622556838814,65200200
4/6/2023,394.8413391113281,395.12117821186206,391.4544114056551,392.50618591410193,63743300
4/10/2023,395.24664306640625,395.323854285077,391.73429825063636,392.35184076274294,63681000
4/11/2023,395.3527526855469,396.76154805541603,394.58081727814005,395.873825281643,59297900
4/12/2023,393.7413024902344,397.7168552613543,393.1527068916333,397.4273573961428,86420400
4/13/2023,398.97119140625,399.32821221134583,393.6833434228902,394.83161703505675,85814800
4/14/2023,397.99676513671875,400.5345468787987,395.6809288691115,398.3344980074534,78161500
4/17/2023,399.4248352050781,399.44412328655056,396.6747670514419,397.90988155708993,66436400
4/18/2023,399.6853332519531,401.14239312215904,398.30548459798973,401.0072882174601,63560000
4/19/2023,399.6178283691406,400.5248393452402,397.70724822108326,397.7651419121651,55227300
4/20/2023,397.4370422363281,399.19322927918245,395.8834830992031,396.79052346430586,75840400
4/21/2023,397.7458190917969,398.2089685800001,395.7870041880718,397.73616032830944,73457400
4/24/2023,398.16070556640625,398.58527886560444,396.2018908008796,397.54313369577346,64332100
4/25/2023,391.84039306640625,396.7422743683408,391.7824993811231,396.182596147338,97766700
4/26/2023,390.1807556152344,393.53873703125976,389.6211067696234,392.4580155035605,80447000
4/27/2023,397.94842529296875,398.2186056288377,392.47723668231237,392.72812893970786,92968400
4/28/2023,401.3450012207031,401.3546599841194,397.00279811610284,397.0606918017015,89433100
5/1/2023,400.9397888183594,402.97578569300146,400.70818460344674,400.9011832079652,62122300
5/2/2023,396.4335021972656,400.2739503234408,393.5194119627244,400.22568595239403,103998500
5/3/2023,393.71234130859375,399.35721082896305,393.47110782009463,396.93521718124856,91531800
5/4/2023,390.9237365722656,392.98868012756435,389.5824641073576,392.6606060841038,94901900
5/5/2023,398.16070556640625,399.2124800515957,394.31062848009987,394.57115004883383,87891800
5/8/2023,398.26690673828125,398.74937380733377,396.8581111419347,398.4888521911285,50046800
5/9/2023,396.5203552246094,397.63968229335507,396.2887804681279,396.71335381997807,49220100
5/10/2023,398.3730163574219,400.0037572082906,394.5325683537426,399.3668972208996,96142900
5/11/2023,397.67822265625,397.9676910543597,395.59396184752075,397.5045416173842,70157100
5/12/2023,397.15716552734375,399.13529781612647,394.72554254638004,398.9230111667802,70481500
5/15/2023,398.5274353027344,398.9326911272858,395.84491972814425,397.76512913138123,54289400
5/16/2023,395.8641662597656,398.3440536617969,395.8545074967587,397.4176958365766,57705500
5/17/2023,400.6695861816406,401.2774699124527,396.240542315304,397.89057133669587,87287000
5/18/2023,404.5293273925781,404.95390074612783,400.1292303171092,400.3511463104752,97177200
5/19/2023,403.9406433105469,405.96701048436694,402.7151878015802,405.4363085936401,103793300
5/22/2023,404.1047058105469,405.64860605306404,402.71519853702625,403.9599716044401,60745400
5/23/2023,399.56951904296875,404.0371682026997,399.1738925667831,402.45466229795704,86383500
5/24/2023,396.67474365234375,398.3440901959979,395.5071816719006,397.9581224571478,89213700
5/25/2023,400.10992431640625,401.56698425113296,397.948481325118,400.1967648529363,90961600
5/26/2023,405.29156494140625,406.0152654358038,400.6888403981192,400.76602216064424,93830000
5/30/2023,405.44598388671875,407.76181972765335,404.05647649266785,407.23111777674455,72216000
5/31/2023,403.1976623535156,404.5196171713142,401.6248152821385,403.61257689024336,110811800
6/1/2023,407.0284729003906,408.0899062054044,402.17485598730195,403.4292584266687,88865000
6/2/2023,412.9145812988281,413.70580481996393,409.0837920383036,409.6144939735416,91426200
6/5/2023,412.123291015625,414.55491393952155,411.41887863945146,413.26190599564785,65460200
6/6/2023,413.02069091796875,413.5513928288073,411.05221735044984,411.70839483792156,64022200
6/7/2023,411.5926208496094,414.55497554838854,411.16804749778333,413.416360399151,85373300
6/8/2023,414.0821228027344,414.53564295041497,410.88819369048633,411.6601290941159,61952800
6/9/2023,414.8251037597656,416.84181220366423,413.83122295827593,414.88299744160406,85742800
6/12/2023,418.5883483886719,418.6655595975771,415.08566278011017,415.8093632644941,76104300
6/13/2023,421.34814453125,421.9946339135943,419.38932940762055,420.05513631910844,95899700
6/14/2023,421.849853515625,423.6639342094121,418.38574387055274,421.6858312205728,100612100
6/15/2023,427.079833984375,428.3342365219858,420.9332085446694,421.0296783956768,110303100
6/16/2023,425.6250915527344,429.64443703691825,425.15052699072436,429.0730147226843,114165800
6/20/2023,423.4168701171875,424.56940938616935,421.3345614533151,423.67838900347647,76160400
6/21/2023,421.2473449707031,423.23279563093934,420.65653344768134,422.42893845991415,76982300
6/22/2023,422.7679748535156,422.8744976898845,419.9495827719529,420.28857012220664,70637200
6/23/2023,419.57177734375,421.36354199428746,418.85508330626743,419.3005934195541,92074500
6/26/2023,417.8575744628906,420.92776119205604,417.6154448665978,419.00041906375236,72823600
6/27/2023,422.4386291503906,423.05846547704135,418.2836774733641,418.73888224503673,72813700
6/28/2023,422.6517333984375,423.6686658346734,420.7340564410632,421.35389281030996,75636000
6/29/2023,424.3175964355469,424.48225757414235,421.8285265262779,422.23528771625286,67882300
6/30/2023,429.3247985839844,430.3126766273395,427.2231008300768,427.5427284266672,104964000
7/3/2023,429.8188171386719,430.0996662121284,428.69533217433224,428.97621080462665,32793400
7/5/2023,429.1795349121094,429.9156183055728,427.98824671850423,427.99794136005,58418400
7/6/2023,425.81878662109375,426.2449370649579,423.3006329683059,425.5863516723805,80658300
7/7/2023,424.7436828613281,428.7049486644266,424.5015532896236,424.8211808760998,86134200
7/10/2023,425.81878662109375,425.9931128326287,423.8139465179375,424.3853688047475,62443500
7/11/2023,428.5306396484375,429.02459348677553,425.60572474369303,426.5839377782571,64463800
7/12/2023,431.97857666015625,433.3926348395561,430.90353539722554,432.33695330463644,91924500
7/13/2023,435.4071044921875,436.20129662814134,433.3635449730267,433.7993604938544,72425200
7/14/2023,435.1359558105469,437.15046112494997,434.3708179806255,436.29818974063414,69815800
7/17/2023,436.6468200683594,437.7025015489115,434.9422182723966,434.9906619251845,52680200
7/18/2023,439.8913269042969,440.54021761031777,435.88164697449844,436.317492030114,80668200
7/19/2023,440.86956787109375,442.0608265336728,439.8138568520883,440.6855470187412,65891700
7/20/2023,437.94464111328125,440.7727278339868,437.2279469585864,439.87201281954555,70591600
7/21/2023,437.94464111328125,439.87201281954555,437.93497602797174,439.6686026755085,71275600
7/24/2023,439.9010314941406,440.7145833337671,438.0608230459974,439.09714473903944,54023400
7/25/2023,441.10198974609375,442.36105174998073,439.58140887722743,439.6298525277362,55191200
7/26/2023,441.1698303222656,442.6032186524467,439.1068813802226,440.16256290012274,71052900
7/27/2023,438.2449035644531,444.97611860827,437.3344938577742,444.5693278546494,92194400
7/28/2023,442.5354309082031,443.3683425271831,438.2448720243851,441.5281635177411,80011800
7/31/2023,443.3780517578125,443.73639884087777,441.69280962360494,443.0100100324472,62040400
8/1/2023,442.1092529296875,442.8550013949116,441.1503996951611,441.9058428017626,55291500
8/2/2023,435.9591369628906,439.24239855393273,435.2036938887438,438.9809092594777,93933400
8/3/2023,434.7098083496094,436.5984311098676,433.28608507597204,433.9350054287447,64276100
8/4/2023,432.7437438964844,438.6420179502762,432.2207356362788,436.5306547369659,100128900
8/7/2023,436.5208435058594,436.67580996959924,433.88647273594347,434.5838070443574,58357500
8/8/2023,434.6225891113281,436.5112116276927,431.2521347714645,433.9736688423559,71361300
8/9/2023,431.717041015625,435.0584410413958,430.9519032671321,434.89377992203646,78789600
8/10/2023,431.8720397949219,437.47976956144277,430.7001408163222,434.08026054677345,93005500
8/11/2023,431.62017822265625,432.63714018056567,429.3925979360924,429.99307455820093,68690900
8/14/2023,434.0028076171875,434.0028076171875,430.3902525554547,430.70018556678906,47867400
8/15/2023,428.94708251953125,432.579026131367,428.37563071458953,432.22064953392635,75707500
8/16/2023,425.7994384765625,430.19649067911223,425.6928860842807,428.5306378687395,80107200
8/17/2023,422.5549011230469,427.5330703308015,422.0318929109953,427.2715810031936,95711300
8/18/2023,422.7582702636719,423.79459201752337,419.3781505964978,419.7268030238674,98852000
8/21/2023,425.5088195800781,426.25456801870916,421.6153867167136,423.7751635748503,68719000
8/22/2023,424.3563537597656,427.29096348654963,423.79462606271034,427.29096348654963,64994200
8/23/2023,429.0826721191406,429.70253803409815,425.27640219751186,425.4216740348195,68441000
8/24/2023,423.13604736328125,431.2037931908301,423.10696343469795,430.69047958543786,88517300
8/25/2023,426.1190185546875,427.40713495192443,421.30548118508113,424.8696216104319,102325100
8/28/2023,428.8211975097656,429.4410338891343,426.1190230158921,428.31754904739176,61595400
8/29/2023,435.0197448730469,435.30062349579674,428.53065951997604,428.71468038762214,83081900
8/30/2023,436.8114929199219,437.4507186105633,434.65168624806546,435.35871532032854,69053900
8/31/2023,436.1722717285156,438.5741784682446,435.98825086612203,437.4313338384164,66084600
9/1/2023,436.98583984375,439.38777622934856,435.5233675326761,438.90351700653866,58944100
9/5/2023,435.09716796875,436.85987843456763,435.0293941483985,436.5402803885754,55166200
9/6/2023,432.1722717285156,434.39018708961373,429.838138891174,434.2836346985003,70758500
9/7/2023,430.8454284667969,431.52337363207397,428.8115338572922,429.16018630397696,70355400
9/8/2023,431.4942932128906,433.0342338731247,430.53546948555345,430.89381655306994,61659700
9/11/2023,434.33209228515625,434.6419957128025,432.41441519511204,434.1286821383693,60180100
9/12/2023,431.94952392578125,434.4095690069945,431.36843651488084,432.8793228968955,67565400
9/13/2023,432.453125,433.61532925118615,431.0681213376737,432.17224641097573,60199300
9/14/2023,436.18194580078125,436.87928025242013,433.6250725159966,434.9325783074241,83430800
9/15/2023,430.92669677734375,434.9213639440362,430.4893439452129,434.5909096949505,111848900
9/18/2023,431.17938232421875,432.48177122246517,430.13940510883424,430.6156436055034,55752200
9/19/2023,430.2852478027344,430.84898659799615,427.59299907972445,430.256090945124,66514600
9/20/2023,426.3294982910156,431.9667083112921,426.1253706254072,431.54878346264013,82562600
9/21/2023,419.2829284667969,423.7343763843457,419.1274153539834,423.471964690838,104095800
9/22/2023,418.3401184082031,421.9168307442946,417.922163972963,420.31314452968047,100829700
9/25/2023,420.099365234375,420.1382212681615,416.6878647901077,417.1252472895092,70874500
9/26/2023,413.9275207519531,417.75694552801576,413.091641554904,417.0474225773536,96168400
9/27/2023,414.0927734,415.66733259102807,410.4383190788538,415.1035938461481,104705800
9/28/2023,416.49346923828125,418.1749270371919,412.9459133257919,413.5388089482658,92258300
9/29/2023,415.48260498046875,419.729954349745,413.9566605710454,419.55501324398796,115111300
10/2/2023,415.3174133300781,416.5712173953041,412.54739350922256,414.6467760157312,83798600
10/3/2023,409.75787353515625,415.3756539128062,408.3874422932355,413.13048752910913,103760600
10/4/2023,412.7417907714844,413.49016980797626,408.7568525933047,410.2244834730011,87453000
10/5/2023,412.58624267578125,413.4318210422045,409.34971346962845,412.4501575928168,70142700
10/6/2023,417.48480224609375,419.0301747224433,408.7957044273052,410.12725010221135,113273300
10/9/2023,420.1576843261719,420.7311222733579,415.0258699966629,415.57985026561204,80374400
10/10/2023,422.3445129394531,424.94929081738496,420.39091470045764,420.7894114868797,78607300
10/11/2023,424.07452392578125,424.32720675947064,421.02263495712657,423.4136154975306,62451700
10/12/2023,421.4892272949219,425.0659400566885,419.1274329708011,424.6869009279122,81154200
10/13/2023,419.3898010253906,424.20088940216954,417.8152716398533,422.9956702679193,95143100
10/16/2023,423.8023376464844,424.87147155383155,421.40165818861345,421.6446418193247,75433200
10/17/2023,423.7829284667969,425.8434548063301,420.313144365616,420.6630265965554,75324700
10/18/2023,418.1359558105469,422.96647172620357,417.0473938567801,422.00426601012197,93559800
10/19/2023,414.4621276855469,420.6728049658076,413.7817911582514,418.8552917318818,121323000
10/20/2023,409.36920166015625,414.56905852945084,409.26227341338165,414.024777439766,123919900
10/23/2023,408.6596374511719,412.5376769009492,406.07428770501764,407.8334870607581,92035100
10/24/2023,411.7406921386719,412.89729677768196,408.931786683621,410.7881854768129,78564200
10/25/2023,405.8312683105469,410.0786473016962,405.316144174292,410.0494904510059,94223200
10/26/2023,400.97161865234375,405.61746498467414,400.04829855300767,404.76218742791497,115156800
10/27/2023,399.15411376953125,402.9641106372074,397.72536865178915,402.5656138725483,107367700
10/30/2023,403.92633056640625,404.9857358094935,400.65091543681416,401.9533043501809,86562700
10/31/2023,406.46307373046875,406.7837991071731,402.58503439104294,404.4997467967024,79665200
11/1/2023,410.7978516,411.6142730074818,406.9003846098893,407.43496639746087,98068100
11/2/2023,418.67059326171875,418.8261063702263,414.58845573140115,414.60788374705487,94938900
11/3/2023,422.4902648925781,424.0453662261893,420.8574218397773,420.98377808691504,100167800
11/6/2023,423.4622802734375,423.90936198149177,421.50868181133393,423.2484534285252,67831700
11/7/2023,424.6673889160156,425.30886932835017,422.3153237318798,423.4621994716184,64256100
11/8/2023,424.9784240722656,425.7948456157836,422.66521486841896,425.2699926017036,61746000
11/9/2023,421.66412353515625,426.1641856948334,421.2364699177512,426.12530000386255,83174400
11/10/2023,428.2441101074219,428.5551363127825,421.6543943944366,423.74407761206675,89462200
11/13/2023,427.8359069824219,428.9438970364139,426.11559336599885,426.90285804309843,52236100
11/14/2023,436.13623046875,437.4288904558255,433.5703088478159,433.7938644872594,97176900
11/15/2023,437.0595397949219,438.7118404641815,436.20423260900355,437.47746455042164,77327600
11/16/2023,437.59417724609375,437.9149026510406,435.54337957445466,436.612513692767,66665800
11/17/2023,438.1383972167969,438.7507207474031,436.6804953481496,437.6038154016392,83133200
11/20/2023,441.51104736328125,442.35662577021293,437.8759915717595,437.8857204098918,69936200
11/21/2023,440.5487976074219,441.3846768102291,439.27556561921335,440.4613270503416,49244600
11/22/2023,442.2497253417969,443.57157198394486,441.1514640241976,442.2108693090085,59394900
11/24/2023,442.52178955078125,442.7161883255682,441.9678093987068,442.2982635869737,29737400
11/27/2023,441.7248840332031,442.70651789043535,441.33608643233896,441.89009631858715,50506000
11/28/2023,442.16229248046875,443.4646815561862,440.77243283187806,441.33614196631544,62115000
11/29/2023,441.8511962890625,445.4570951907533,441.45272918496346,444.3199186012006,63146000
11/30/2023,443.5909423828125,443.9408542601143,440.6168249006515,442.69677916732206,79752700
12/1/2023,446.2152099609375,446.7497621614447,442.385785013724,442.97865092115586,89183400
12/4/2023,443.872802734375,446.23459662926416,441.58875055448476,442.8133976086151,72430900
12/5/2023,443.785400390625,444.7476062747075,442.1039426420814,442.48301142132226,69793500
12/6/2023,441.99700927734375,445.9624895836762,441.5596268220381,445.9333327307286,69124700
12/7/2023,445.36956787109375,446.0207473923456,443.4840125205435,444.08660718000203,66995400
12/8/2023,447.2843322753906,447.81888446185815,444.3782275382068,444.6212111977086,83194400
12/11/2023,449.0240783691406,449.1990491481444,446.5748137350945,446.78864054401777,65002200
12/12/2023,451.07489013671875,451.17208953676845,447.6731187626275,448.67421029484495,68327600
12/13/2023,457.2952880859375,457.54800060597285,451.0943397950226,451.4539508974767,93278000
12/14/2023,458.7629089355469,460.43463781217446,456.08035966207416,459.23914744875873,119026000
12/15/2023,458.00750732421875,459.3444814019504,456.15335034862125,458.1636509343483,141553700
12/18/2023,460.5838317871094,461.5694752957874,458.5540244200266,459.61772484302196,70375300
12/19/2023,463.3846130371094,463.4626997368389,461.0522866109777,461.1303435293572,55761800
12/20/2023,456.96337890625,464.41905073476056,456.5339913904281,462.5258502644597,102921000
12/21/2023,461.2962646484375,461.5695085402511,457.5293705169891,459.9592904756651,86667500
12/22/2023,462.22332763671875,463.9116026187795,460.3203886798005,462.4282531099421,67160400
12/26/2023,464.17510986328125,465.08266680219026,462.55515318900285,462.6332398955009,55387000
12/27/2023,465.01434326171875,465.16071859872636,463.4334300593357,463.9701495554804,68000300
12/28/2023,465.19000244140625,466.0292409103148,464.770383206952,465.37542113223043,77158100
12/29/2023,463.84326171875,465.5217683364712,461.8817429403466,464.9947873638026,122283100
1/2/2024,461.2474670410156,462.2428789339532,459.1395727623468,460.76929766113875,123623700
1/3/2024,457.4805908203125,459.82268558708614,456.8755528985423,459.08101082809003,103585900
1/4/2024,456.00701904296875,459.59823307859364,455.78255699773547,457.00240114962037,84232200
1/5/2024,456.631591796875,459.0907868763805,455.17751732207205,456.21194277640495,86118900
1/8/2024,463.1504211425781,463.29679648061466,457.00238891288757,457.1292574663028,74879100
1/9/2024,462.44781494140625,463.4724721448551,459.97885150079935,460.4862959607646,65931400
1/10/2024,465.06317138671875,465.93171477496674,462.43806421690306,462.7210764175107,67310600
1/11/2024,464.85821533203125,466.5855039297226,460.8668888410367,466.0682912006048,77940700
1/12/2024,465.18023681640625,467.0539305202065,463.7652354820875,466.31225575267183,58026400
1/16/2024,463.4724426269531,465.1119059605971,461.64756060638337,463.79449814902443,85014900
1/17/2024,460.8961486816406,461.3840863262476,458.53451737794865,460.437486104456,68843900
1/18/2024,464.99481201171875,465.5510680800572,461.02302217587135,462.5746603285912,91856200
1/19/2024,470.7915344238281,471.0745466119852,465.04364414171863,466.1268514770496,110834500
1/22/2024,471.7869567871094,473.5142454606471,471.13310718922804,472.3334446086135,75844900
1/23/2024,473.16290283203125,473.4068716669151,471.2404570032446,472.3334326185078,49945300
1/24/2024,473.68011474609375,476.978548164265,473.1824088250565,476.0417162376214,81765000
1/25/2024,476.2564392089844,476.5296831119091,473.680143807316,475.8172833950849,72525000
1/26/2024,475.6513672,477.3201055543282,474.8023604707163,475.8270175879346,76641600
1/29/2024,479.41827392578125,479.5646790538066,475.4172088037404,475.963696618888,61322800
1/30/2024,479.04742431640625,479.7597942015554,478.2862130177268,478.72536880060346,58618400
1/31/2024,471.23065185546875,477.28106061845324,471.21111529014115,476.8321663361625,126011100
2/1/2024,477.3982238769531,477.4274989456315,472.128473264039,472.9384664663924,91891600
2/2/2024,482.4239807128906,484.08295092354996,477.49579237271115,477.8373546982843,99228200
2/5/2024,480.6673583984375,482.45322684265506,478.4033503772612,481.7896387981956,75757100
2/6/2024,482.0628662109375,482.3946602218278,480.1794043465866,481.6139421538367,55918600
2/7/2024,486.0834655761719,486.5030847840718,483.4095471530847,484.31713376491945,70556500
2/8/2024,486.2981872558594,486.67876313703624,485.26376181906494,486.08349349833503,52343600
2/9/2024,489.10870361328125,489.5478296216965,486.46406015452993,486.805622459753,63979400
2/12/2024,488.89398193359375,491.3531767842972,488.17181401431174,489.0794006092278,56502300
2/13/2024,482.1604309082031,485.0978249437322,478.8815043599049,482.5995866836909,113099200
2/14/2024,486.54217529296875,487.03011296285007,482.47276202236384,484.8051183794454,68387800
2/15/2024,489.899169921875,490.08458861177627,486.7665887596598,487.2447879089923,61683000
2/16/2024,487.45947265625,490.73839931554534,486.71779791035453,489.5966419107854,75532900
2/20/2024,484.77581787109375,486.3860061409344,482.5215483370468,485.7126498093255,71736700
2/21/2024,485.2149963378906,485.3711399747014,481.653057105871,483.46820082511186,59293400
2/22/2024,495.2566833496094,496.2227903053238,490.8847515615135,491.8508882985767,76402500
2/23/2024,495.5982971191406,497.8232917019366,494.8663906145189,496.9840234236674,61321800
2/26/2024,493.7831115722656,496.4765368105967,493.65624302388784,496.03738103257336,50386700
2/27/2024,494.7004699707031,494.9249320161117,492.5730689156793,494.47603770664597,48854500
2/28/2024,494.0466003417969,494.63210165101094,492.7779446820202,493.1390137498183,56506600
2/29/2024,495.8227233886719,497.4426800063986,493.1586028041446,495.81298488671405,83924800
3/1/2024,500.47760009765625,500.90698759184596,496.29111670133034,496.70099741172936,76844800
3/4/2024,499.9408874511719,501.7950742838469,499.6481367835651,499.6774416316755,49799300
3/5/2024,494.9444274902344,498.3795276061861,492.7292012805933,497.9306035256283,72855600
3/6/2024,497.4524230957031,499.7164608888025,496.1545220794044,498.23311140577533,68382400
3/7/2024,502.390380859375,503.4443429029918,497.5110041646538,500.7606857208952,58652100
3/8/2024,499.3749084472656,505.7180680999103,498.7991455954804,503.0247023113752,86532500
3/11/2024,498.945556640625,499.531087817321,496.2326243105745,498.1648682592655,62557200
3/12/2024,504.3128662109375,504.89836756595776,498.5356415487977,501.0631847838215,73114400
3/13/2024,503.5223693847656,504.8105319780075,502.078092945087,504.6348815647523,55104100
3/14/2024,502.5269470214844,504.65434781363956,499.47245287518706,504.4981744262601,110171800
3/15/2024,499.0763244628906,500.906906313764,497.4024012478183,499.44831403821377,107646300
3/18/2024,502.0424499511719,504.6071826366265,501.63132556015915,503.15841876026013,88893300
3/19/2024,504.8323669433594,505.11622858588777,500.3391555977347,501.3474589189953,60755300
3/20/2024,509.5016784667969,509.63873983527566,504.21561462485215,504.89106308633967,69594600
3/21/2024,511.1854553222656,513.0551421639301,510.90153393819924,512.3503575161087,60256100
3/22/2024,510.21630859375,511.5867430006875,509.9813206475284,511.0972893379752,79070800
3/25/2024,508.8066711425781,509.9617745975222,508.65001251438474,508.83600729301406,48512100
3/26/2024,507.8668518066406,510.5784439220565,507.4655261359362,510.23579054681613,65463700
3/27/2024,512.1348876953125,512.1740822237578,508.5325161960011,510.7057213532242,82999800
3/28/2024,512.0371094,513.5446052867917,511.75324773349064,512.1741707527357,96294900
4/1/2024,511.14630126953125,513.319506934626,509.9813989834302,512.7811197724956,62477500
4/2/2024,507.89630126953125,508.03330288632185,505.58603458115783,507.3089210276351,74230300
4/3/2024,508.45428466796875,509.9618403568663,506.7509952902305,506.79992871244065,59155800
4/4/2024,502.2480163574219,512.8202041062084,501.944557459695,512.4776104224978,96858100
4/5/2024,507.4949645996094,509.4625780657706,503.1682105494758,503.6087308363095,74546500
4/8/2024,507.77886962890625,509.20809608784486,506.9664194224497,508.1998524318694,48401800
4/9/2024,508.36614990234375,509.76598018179146,503.50094951713095,509.52125335501194,68049200
4/10/2024,503.27587890625,505.27282853748704,501.28872790887357,502.64936381684595,82652800
4/11/2024,507.073974609375,508.52273827469025,501.2788602003547,504.80290253405747,70099000
4/12/2024,500.0748291015625,504.93999985889445,498.3421439610696,503.52057224224995,92561100
4/15/2024,493.8098449707031,504.43096625601453,492.95817044710765,504.26456872904316,92101400
4/16/2024,492.9092102050781,495.81656619092587,491.6170453505055,494.28947313511503,73484000
4/17/2024,489.9920654296875,495.5424832864925,488.5922350793865,495.3760558913513,75910300
4/18/2024,488.98382568359375,493.49660444266914,488.04408292123793,491.3919594558385,74548100
4/19/2024,484.7157897949219,489.90398704424035,483.44319225577453,488.9055122549044,102212600
4/22/2024,489.1795959472656,491.78349315664354,484.98007493251976,487.3294466640699,67961000
4/23/2024,494.9845275878906,495.4152492396772,488.9936189979829,491.1961606780303,64633600
4/24/2024,494.7496032714844,496.6682534521082,492.5176955463837,495.87534083094636,55928100
4/25/2024,492.87005615234375,493.6336026966789,486.99661200395565,488.6509678289955,69122400
4/26/2024,497.5394592285156,499.1252843555603,495.03345880263834,495.66974260530816,64306100
4/29/2024,499.3014831542969,499.976931619229,496.55075587636594,499.33084917999474,46415400
4/30/2024,491.39190673828125,498.8120110716739,491.39190673828125,497.83310375268974,77483600
5/1/2024,489.79632568359375,497.47095614792755,489.3264393749632,490.80459911500014,80242800
5/2/2024,494.3775634765625,495.21943930763115,489.0131405991214,493.51612025365716,62550200
5/3/2024,500.505615234375,501.7390183484334,497.8331870517916,500.37835248179215,72756700
5/6/2024,505.67413330078125,505.7132680822078,502.47308742336617,502.91360764238556,47264700
5/7/2024,506.23223876953125,507.63206932446695,505.5567902047804,506.64336319005764,52561300
5/8/2024,506.28106689453125,506.81945395787113,504.2743188869408,504.39178298266006,42047200
5/9/2024,509.1982422,509.23743672181314,505.8112608442941,506.4671120686162,43643700
5/10/2024,509.8541564941406,511.6161778645498,508.63052224416674,510.8036679931926,52233200
5/13/2024,509.922607421875,511.64549393786507,508.77730253822216,511.5378284675566,36716400
5/14/2024,512.26220703125,512.7810566084371,509.5800104376199,510.1183975334321,57535900
5/15/2024,518.6055908203125,518.8992510906287,514.1025809336553,514.7388946424787,59504900
5/16/2024,517.5385131835938,520.3088376274046,517.3916531865508,518.7034152838155,50244800
5/17/2024,518.2825317382812,518.3510624255979,516.1974542090975,517.6560166666146,59187600
5/20/2024,518.8796997070312,520.3480609362231,518.0084577049123,518.400044598472,37764200
5/21/2024,520.1521606445312,520.3088192688843,517.9104844709608,518.1160765100145,33437000
5/22/2024,518.6546020507812,520.1718967981822,516.4715975937705,519.4573134085813,48390000
5/23/2024,514.8661499023438,521.8261670726438,513.6522545564001,521.7185015997201,57211200
5/24/2024,518.2726440429688,519.0851537697943,515.7666439347076,516.7161552648578,41291100
5/28/2024,518.635009765625,519.3202570042628,515.9919474153226,519.0853287505071,36269600
5/29/2024,515.0031127929688,516.187612149335,514.2885295747019,514.5919884514224,45190300
5/30/2024,511.5868225097656,514.1222191656732,510.3338520073258,513.4565692506627,46377600
5/31/2024,516.2463989257812,516.373661669616,507.42643355259685,512.5461599640777,90785800
6/3/2024,516.6672973632812,518.1454570499837,511.5769670953754,517.8615954221938,46835700
6/4/2024,517.2449340820312,517.9889133212755,513.8872886188278,515.3556498285665,34632700
6/5/2024,523.3924560546875,523.4120533239656,517.5777431174533,519.5747526551082,47610400
6/6/2024,523.382568359375,524.1265474920779,521.4443509593684,523.6958258756584,30808500
6/7/2024,522.7462158203125,525.5654731872203,521.3071912434893,522.403562469759,43224500
6/10/2024,524.3615112304688,524.6845674016187,521.3367208253204,521.9338399994415,35686100
6/11/2024,525.6243896484375,525.6831217080321,520.8277190397199,522.8051312923558,36383400
6/12/2024,529.9412231445312,532.64301675814,528.9035838325556,530.205547225615,63251300
6/13/2024,531.0084228515625,531.8698662922635,528.2087615431724,531.6936700995442,44760900
6/14/2024,531.3313598632812,531.3606960149307,528.463108751092,529.4714120000464,40089900
6/17/2024,535.5601806640625,536.9600707352853,530.1859889386527,530.6461064563005,55839500
6/18/2024,536.9208984,537.0481611765176,535.1980118918142,535.618934894809,41376400
6/20/2024,535.4623413085938,538.5165275797466,533.6807226924603,537.8508777255481,70328200
6/21/2024,534.7445068359375,535.8640759164524,533.2812387990208,534.636494014271,64338600
6/24/2024,533.0061645507812,537.1406814551851,532.8883214982557,534.5676749075179,45528700
6/25/2024,535.0587158203125,535.4220752279302,532.7115650972021,534.2337544994542,37936200
6/26/2024,535.7265014648438,536.4433900198844,533.2909984741738,533.9391352589275,38550600
6/27/2024,536.571044921875,537.1504898569925,534.8426003010983,535.588979563753,35041500
6/28/2024,534.4595947265625,540.4109684989184,533.2124124479245,537.3468693543182,76144500
7/1/2024,535.5595703,536.08986404863,532.7901386983468,535.8443476992247,40297800
7/2/2024,539.1636962890625,539.1636962890625,533.8998405072027,533.9489317855893,40434800
7/3/2024,541.56982421875,541.9331836330194,538.8102227549504,538.8494837936086,32789900
7/5/2024,544.6928100585938,545.0954305299725,541.2359204016998,541.874286937383,41488400
7/8/2024,545.3212891,546.273863702814,544.2508114321598,545.4783931483458,36110500
7/9/2024,545.8516235351562,547.1872181563506,545.5570158893808,546.283734729133,27289700
7/10/2024,551.2529297,551.5966285839402,546.7845443312167,547.0791519482386,38701200
7/11/2024,546.499755859375,552.2448746370588,545.8614492888662,551.3708220113514,53054200
7/12/2024,549.9468383789062,553.5608321512885,547.1578059832891,547.6291782325719,53084400
7/15/2024,551.459228515625,554.7098626844446,549.5932802263559,551.9502612295888,40584300
7/16/2024,554.7294922,555.0240998431519,552.0189818744624,552.7751914744023,36475300
7/17/2024,546.9514770507812,550.4574575343235,546.627378702753,548.7781042114635,57119000
7/18/2024,542.7482299804688,549.4852440848026,540.5582433501387,548.4933484542273,56270400
7/19/2024,539.14404296875,544.1427819375705,538.0833956151523,542.5125199017892,65509100
7/22/2024,544.7025756835938,545.3114514113106,541.1376736329704,543.0821438640331,43346700
7/23/2024,543.8482055664062,546.7550807862475,543.3571728667828,544.5945249198012,34439600
7/24/2024,531.5232543945312,539.3208563195052,530.6001104911534,539.0164184333124,74515300
7/25/2024,528.7538452148438,537.6415857024604,527.8111007222136,531.6411201045629,61158300
7/26/2024,534.6756591796875,537.3763388802067,531.7785544219373,532.5544244069231,53763800
7/29/2024,534.9899291992188,537.2388372702122,532.9864775250034,536.227341129643,39515800
7/30/2024,532.279541015625,537.5237975537062,528.8619719996664,536.463149950623,46853600
7/31/2024,540.9314575195312,543.5732159258974,537.7594053591405,539.1342609978949,65663400
8/1/2024,533.2713012695312,544.9185816284977,529.7554906256498,542.6598433710025,76428700
8/2/2024,523.3426513671875,527.3592651002363,519.1197223906057,526.1415136511895,82789100
8/5/2024,508.1010437011719,514.189861675624,501.1185425419697,502.46399742687476,146267400
8/6/2024,512.785400390625,520.249072403601,508.5821322989601,509.9078964260984,84826300
8/7/2024,509.3580322265625,522.0561910508441,508.7589866968387,518.9920917478671,70698300
8/8/2024,521.133056640625,521.7615329757872,512.4810623968182,514.513885136989,63276600
8/9/2024,523.4310913085938,524.9238500782335,519.0805482528909,520.3081301514704,45619600
8/12/2024,523.7060547,526.1218973002085,521.4276556811567,524.6291985957554,42542100
8/13/2024,532.3187255859375,532.5544716398305,526.6620790433668,526.9075954015528,52333100
8/14/2024,533.9980469,535.1863675555963,530.4331447737245,533.1141640625877,42446900
8/15/2024,543.1510009765625,543.4357784074974,539.0361439240991,539.6450197699079,60846800
8/16/2024,544.3687133789062,545.066001447727,541.3734256554437,541.5305297582873,44430700
8/19/2024,549.5736694335938,549.5736694335938,543.9267927123752,544.7811849166917,39121800
8/20/2024,548.679931640625,550.7815659083177,547.3345068852593,549.1218730431605,33732300
8/21/2024,550.5654907226562,552.028758554174,544.7811112258051,549.7307591225532,41514600
8/22/2024,546.2443237304688,553.0795196886376,545.0265723682652,552.4706440075358,56121500
8/23/2024,552.0484619140625,552.9912663344013,547.2952387130678,549.4951156938582,50639400
8/26/2024,550.7324829101562,553.7965224345438,549.023698553154,553.0796338099561,35788600
8/27/2024,551.4886474609375,551.9796801643517,548.3067651332959,549.4557648759409,32693900
8/28/2024,548.2871704101562,551.5771258819644,545.0856272093944,551.1450146535084,41066000
8/29/2024,548.3361206054688,553.5705452881934,547.1871210206536,550.2609901170326,38715200
8/30/2024,553.5706176757812,554.0813108649274,547.1479315360851,550.7128337345928,62700100
9/3/2024,542.1787109,550.7521231432277,539.6547955357257,550.4181945160806,60600100
9/4/2024,541.0689697265625,544.486538299349,539.6057018017893,540.3324206417021,47224900
9/5/2024,539.7529297,543.8677859554409,537.2879360362771,541.0100021233877,44264300
9/6/2024,530.6688232421875,541.70722829183,529.7653398948447,540.0770261689825,68493800
9/9/2024,536.6102905273438,537.8870234085998,532.947206027845,534.8819058967794,40445800
9/10/2024,538.9476928710938,539.3012819984793,533.6347450012723,538.5254119078065,36394600
9/11/2024,544.476806640625,545.3999507250875,530.2761760751968,538.8594200410873,75248600
9/12/2024,549.0630493164062,549.3674872362873,542.8268971710025,545.056205128517,51819600
9/13/2024,551.9306641,552.9323900948785,549.4165786761877,549.6719253072272,39310500
9/16/2024,552.7457275390625,553.0108444429941,549.8584528057411,551.6654196124157,36656100
9/17/2024,552.9715576171875,556.4186166721934,550.7324197918623,554.9651191583721,49321000
9/18/2024,551.3316040039062,558.4908400284567,550.7718194675883,553.6296037419249,59044900
9/19/2024,560.7396850585938,562.6056333019461,557.8917313519955,560.769175792154,75315500
9/20/2024,559.7704467773438,560.8146268159833,556.7363903893743,559.3665913435013,77503100
9/23/2024,561.1691284179688,561.8193132907071,559.6225494017445,560.8440961059636,44116900
9/24/2024,562.77490234375,562.8340046033333,559.1301026711176,561.9671313798626,46805700
9/25/2024,561.5336303710938,563.3560600605995,560.4204878396197,562.6172518383486,38428600
9/26/2024,563.760009765625,566.1340809200134,561.395859133459,565.8089884130038,48336000
9/27/2024,562.9423828,565.6513467687856,561.9080631449755,564.8337754824404,42100900
9/30/2024,565.1981811523438,565.8089245059994,559.6029471264981,561.9079952356186,63557400
10/1/2024,560.1348266601562,565.4936512718724,557.5539281278881,564.8435265029814,72668800
10/2/2024,560.3712158203125,561.3957349796159,556.8348209898014,559.2384126817892,38097800
10/3/2024,559.3468627929688,561.297297524576,557.0516147695683,558.8937053770586,40846500
10/4/2024,564.4298095703125,564.804143911743,559.6226255139783,563.8092058002762,42939100
10/7/2024,559.3270874023438,563.425044167477,558.1745633665616,562.7748592374886,49964700
10/8/2024,564.616943359375,565.2178864241666,561.0313063853904,561.9079798048728,37398700
10/9/2024,568.52783203125,569.0893336080857,564.006298346405,564.6071813915806,37912200
10/10/2024,567.5328369140625,568.9612116462271,565.9172950083815,567.1782233614125,44138100
10/11/2024,570.9313354492188,571.6701437051296,567.3160570940822,567.4539823983677,42268000
10/14/2024,575.6005859,576.5364217400751,572.0641306807273,572.54680911459,36217200
10/15/2024,571.1283569335938,576.1719497636773,569.9068101256781,575.8665780927906,54203600
10/16/2024,573.6107177734375,574.1328378005626,570.3205920106161,571.1283629185417,30725400
10/17/2024,573.6600341796875,577.3737967345479,573.4728669922558,577.1669087512673,34393700
10/18/2024,575.8665771484375,576.6546272535265,573.8865614270069,575.3543175241635,37416800
10/21/2024,574.9208374023438,576.1226031998164,571.9360234514867,575.1375256119741,36439000
10/22/2024,574.615478515625,575.7778628801683,571.7193479380794,572.3793331017681,34183800
10/23/2024,569.3650512695312,573.0295715850681,565.8483166590198,572.5862745943635,49314600
10/24/2024,570.596435546875,571.4042065299044,567.966294746531,571.3253834738008,34979900
10/25/2024,570.3992919921875,575.7384556877671,569.4536560087178,572.8324648441098,47268200
10/28/2024,572.1627197265625,574.0146706850179,571.8573480325817,573.8866057690544,30174700
10/29/2024,573.0886840820312,574.2116269876768,569.798498044357,571.1972915711463,42899700
10/30/2024,571.35498046875,574.615585559352,570.6456931929514,572.6158487794029,41435800
10/31/2024,560.154541015625,567.0402238212235,559.9575134707092,566.9712611742847,60182500
11/1/2024,562.5186767578125,566.9613862407599,562.104961011153,562.7945273384946,45667500
11/4/2024,561.30712890625,563.9569903576214,559.4157965332372,562.6566805623088,38217000
11/5/2024,568.0943603515625,568.1337418174742,562.0065869653796,562.2232752144567,39478300
11/6/2024,582.2203979492188,583.0971316763067,576.6547441031889,580.4078883526755,68182000
11/7/2024,586.7220458984375,587.7465650663022,584.1510078317573,584.2298308733695,47233200
11/8/2024,589.2636719,590.6920466620936,587.2737955457643,587.2737955457643,46444900
11/11/2024,589.8251342773438,591.214067381988,588.0913879024889,590.8594538392326,37586800
11/12/2024,587.9927978515625,590.3470874383122,585.5005228573099,589.7462045787986,43006100
11/13/2024,588.278564453125,590.2881013518266,586.0818603831444,588.4558712273305,47388600
11/14/2024,584.495849609375,588.8893179492193,583.8063432948493,588.4066394793019,38904100
11/15/2024,577.0092163085938,581.3928237454572,575.1474051756758,580.9199456029655,75988800
11/18/2024,579.3734741210938,580.6934445713057,576.6054081851684,577.4722212479682,37001700
11/19/2024,581.4913330078125,582.2202808592402,575.3149369393851,575.9847825359503,49412000
11/20/2024,581.6884766,581.974127497237,575.9060743319393,581.5702720292032,50032600
11/21/2024,584.81103515625,586.2394097822103,578.6838809961135,584.5451050737219,46750300
11/22/2024,586.6235961914062,587.2540603121174,584.2988273861976,584.8011664791351,38226400
11/25/2024,588.6134643554688,591.8937295695996,586.3182166457023,590.5737592167452,42441400
11/26/2024,591.6869506835938,592.3567963116076,589.1454333564441,589.8645208450938,45621300
11/27/2024,589.89404296875,591.883858859544,588.3671846956962,591.4997242855515,34000200
11/29/2024,593.5584716796875,594.3465217027174,590.4357926496955,590.7115831017927,30177400
12/2/2024,594.6223754882812,595.30208141324,593.4796518430123,593.9721906256095,31746000
12/3/2024,594.8983154296875,595.1445848828695,593.3517961731578,594.3861158516463,26906600
12/4/2024,598.5922241210938,598.8384935195138,595.9227023218134,596.5925478705923,42787600
12/5/2024,597.607177734375,599.4000262634194,597.2525642119798,598.592255379496,28762200
12/6/2024,598.7401123046875,599.9813199050982,597.9619225172376,598.3756383425828,31241500
12/9/2024,595.6567993164062,598.7893393078875,595.0657767234376,598.6218929272753,34742700
12/10/2024,593.8048095703125,596.7600425908593,593.1448243638806,596.3364664061719,37234500
12/11/2024,598.3953247070312,599.3508212217944,596.4645507592219,596.7404013764967,28677700
12/12/2024,595.3120727539062,598.0997995870548,595.3120727539062,597.5284977631196,31543800
12/13/2024,595.1937866210938,598.0701965149426,593.8146538658189,597.3511090725724,35904700
12/16/2024,597.7352294921875,598.710506843877,596.1788501366708,596.9570398144291,43695200
12/17/2024,595.2726440429688,596.1395173197234,593.8935711931338,595.1741603124011,55773500
12/18/2024,577.5313720703125,597.3609304879477,577.1471773446116,594.9671989364094,108248700
12/19/2024,577.35400390625,584.1510639445604,577.1077344863745,582.5355221203287,85919500
12/20/2024,584.2886352539062,588.8352196171104,574.1674387147792,575.0175026728227,125716700
12/23/2024,587.7875366210938,588.3904419763173,580.8391036798633,584.0316546408188,57635800
12/24/2024,594.32080078125,594.3603751171399,588.5584517113257,589.1416302251183,33160100
12/26/2024,594.3603516,595.4870738828115,591.1381803052061,592.5416816588521,41219100
12/27/2024,588.103759765625,590.8416278253472,583.9030892928905,590.6043628183209,64969300
12/30/2024,581.3925781,584.8717412480703,577.6268027117767,581.066451827259,56578800
12/31/2024,579.2774658203125,583.7845361057068,577.6366994322016,583.0629680945224,57052700
